date,desc,dir,amount,balance,file
2026-01-02,"OnlineTransfer,TF000****5840",debit,1164.94,153451.26,"January 30, 2026.pdf"
2026-01-02,"Pre-AuthorizedPayment,CERTASDIRECTINS/ASS",debit,700.84,152750.42,"January 30, 2026.pdf"
2026-01-09,"DirectDeposit,MIRSERVICESPAY/PAY",credit,6644.4,159394.82,"January 30, 2026.pdf"
2026-01-20,"Pre-AuthorizedPayment,CANADATXD/DIM",debit,6500.0,152894.82,"January 30, 2026.pdf"
2026-01-23,"DirectDeposit,MIRSERVICESPAY/PAY",credit,9492.0,162386.82,"January 30, 2026.pdf"
2026-01-30,"Pre-AuthorizedPayment,MBFINANCIALCA",debit,1750.01,160636.81,"January 30, 2026.pdf"
2026-01-30,"Pre-AuthorizedPayment,WSINVESTMENTSINV/PLA",debit,20000.0,140636.81,"January 30, 2026.pdf"
2026-02-02,"OnlineTransfer,TF000****5840",debit,1104.13,139532.68,"February 27, 2026.pdf"
2026-02-02,"OnlineTransfer,TF000****5840",debit,132.41,139400.27,"February 27, 2026.pdf"
2026-02-02,"Pre-AuthorizedPayment,CERTASDIRECTINS/ASS",debit,700.84,138699.43,"February 27, 2026.pdf"
2026-02-04,"DebitCardPurchase,ONLINEPURCHASE3FEB2026,",debit,424.94,138274.49,"February 27, 2026.pdf"
2026-02-05,"Pre-AuthorizedPayment,WSINVESTMENTSINV/PLA",debit,5000.0,133274.49,"February 27, 2026.pdf"
2026-02-06,"DirectDeposit,MIRSERVICESPAY/PAY",credit,9492.0,142766.49,"February 27, 2026.pdf"
2026-02-09,INTERACe-TransferSent,debit,423.75,142342.74,"February 27, 2026.pdf"
2026-02-20,"DirectDeposit,MIRSERVICESPAY/PAY",credit,9492.0,151834.74,"February 27, 2026.pdf"
2026-03-02,"Pre-AuthorizedPayment,MBFINANCIALCA",debit,1750.01,150084.73,"March 31, 2026.pdf"
2026-03-02,"Pre-AuthorizedPayment,CERTASDIRECTINS/ASS",debit,700.84,149383.89,"March 31, 2026.pdf"
2026-03-04,"Pre-AuthorizedPayment,WSINVESTMENTSINV/PLA",debit,10000.0,139383.89,"March 31, 2026.pdf"
2026-03-06,"DirectDeposit,MIRSERVICESPAY/PAY",credit,8542.8,147926.69,"March 31, 2026.pdf"
2026-03-09,"OnlineTransfer,TF000****5840",debit,1977.98,145948.71,"March 31, 2026.pdf"
2026-03-09,"Pre-AuthorizedPayment,WSINVESTMENTSINV/PLA",debit,5000.0,140948.71,"March 31, 2026.pdf"
2026-03-20,"DirectDeposit,MIRSERVICESPAY/PAY",credit,9492.0,150440.71,"March 31, 2026.pdf"
2026-03-20,"Pre-AuthorizedPayment,WSINVESTMENTSINV/PLA",debit,1000.0,149440.71,"March 31, 2026.pdf"
2026-03-30,"OnlineTransfer,TF000****5840",debit,623.85,148816.86,"March 31, 2026.pdf"
2026-03-30,"Pre-AuthorizedPayment,MBFINANCIALCA",debit,1750.01,147066.85,"March 31, 2026.pdf"
2026-03-30,"Pre-AuthorizedPayment,WSINVESTMENTSINV/PLA",debit,1000.0,146066.85,"March 31, 2026.pdf"
2026-03-31,"Pre-AuthorizedPayment,CANADATXD/DIM",debit,900.0,145166.85,"March 31, 2026.pdf"
2026-04-01,"Pre-AuthorizedPayment,CERTASDIRECTINS/ASS",debit,700.84,144466.01,"April 30, 2026.pdf"
2026-04-06,"DirectDeposit,MIRSERVICESPAY/PAY",credit,9492.0,153958.01,"April 30, 2026.pdf"
2026-04-07,"Pre-AuthorizedPayment,WSINVESTMENTSINV/PLA",debit,1000.0,152958.01,"April 30, 2026.pdf"
2026-04-14,"Pre-AuthorizedPayment,CANADATXD/DIM",debit,1500.0,151458.01,"April 30, 2026.pdf"
2026-04-17,"DirectDeposit,MIRSERVICESPAY/PAY",credit,8542.8,160000.81,"April 30, 2026.pdf"
2026-04-20,"Pre-AuthorizedPayment,CANADATXD/DIM",debit,6500.0,153500.81,"April 30, 2026.pdf"
2026-04-28,"Pre-AuthorizedPayment,WSINVESTMENTSINV/PLA",debit,1000.0,152500.81,"April 30, 2026.pdf"
2026-04-30,"Pre-AuthorizedPayment,MBFINANCIALCA",debit,1750.01,150750.8,"April 30, 2026.pdf"
2026-04-30,"Pre-AuthorizedPayment,CANADATXD/DIM",debit,900.0,149850.8,"April 30, 2026.pdf"
2026-04-30,"OnlineTransfer,TF000****5840",debit,1392.87,148457.93,"April 30, 2026.pdf"
2026-05-01,"DirectDeposit,MIRSERVICESPAY/PAY",credit,7593.6,156051.53,"May 29, 2026.pdf"
2026-05-01,"Pre-AuthorizedPayment,CERTASDIRECTINS/ASS",debit,700.84,155350.69,"May 29, 2026.pdf"
2026-05-08,"OnlineBillPayment,WISE",debit,8067.15,147283.54,"May 29, 2026.pdf"
2026-05-08,INTERACe-TransferSent,debit,2000.0,145283.54,"May 29, 2026.pdf"
2026-05-08,INTERACe-TransferSent,debit,347.84,144935.7,"May 29, 2026.pdf"
2026-05-11,"Pre-AuthorizedPaymentNoFee,CANACTBUS/ENT",debit,460.14,144475.56,"May 29, 2026.pdf"
2026-05-15,"DirectDeposit,MIRSERVICESPAY/PAY",credit,9492.0,153967.56,"May 29, 2026.pdf"
2026-05-21,INTERACe-TransferSent,debit,1440.75,152526.81,"May 29, 2026.pdf"
2026-05-28,"DirectDeposit,CANADARIT/RIF",credit,4644.9,157171.71,"May 29, 2026.pdf"
2026-05-28,INTERACe-TransferSent,debit,2347.84,154823.87,"May 29, 2026.pdf"
2026-05-29,"DirectDeposit,MIRSERVICESPAY/PAY",credit,8542.8,163366.67,"May 29, 2026.pdf"
2026-05-29,"OnlineTransfer,TF000****5840",debit,1289.87,162076.8,"May 29, 2026.pdf"
2026-06-01,"Pre-AuthorizedPayment,MBFINANCIALCA",debit,1750.01,160326.79,"June 30, 2026.pdf"
2026-06-01,"Pre-AuthorizedPayment,CANADATXD/DIM",debit,900.0,159426.79,"June 30, 2026.pdf"
2026-06-01,"Pre-AuthorizedPayment,CERTASDIRECTINS/ASS",debit,700.84,158725.95,"June 30, 2026.pdf"
2026-06-08,"Pre-AuthorizedPayment,WSINVESTMENTSINV/PLA",debit,1000.0,157725.95,"June 30, 2026.pdf"
2026-06-12,"DirectDeposit,MIRSERVICESPAY/PAY",credit,9492.0,167217.95,"June 30, 2026.pdf"
2026-06-15,"Pre-AuthorizedPayment,WSINVESTMENTSINV/PLA",debit,1000.0,166217.95,"June 30, 2026.pdf"
2026-06-15,"Pre-AuthorizedPaymentNoFee,CANACTBUS/ENT",debit,460.14,165757.81,"June 30, 2026.pdf"
2026-06-26,"DirectDeposit,MIRSERVICESPAY/PAY",credit,9492.0,175249.81,"June 30, 2026.pdf"
2026-06-29,"Pre-AuthorizedPayment,WSINVESTMENTSINV/PLA",debit,1000.0,174249.81,"June 30, 2026.pdf"
2026-06-29,"OnlineTransfer,TF000****5840",debit,1779.9,172469.91,"June 30, 2026.pdf"
2026-06-30,INTERACe-TransferSent,debit,2347.84,170122.07,"June 30, 2026.pdf"
2026-06-30,"Pre-AuthorizedPayment,MBFINANCIALCA",debit,1750.01,168372.06,"June 30, 2026.pdf"
2026-06-30,"Pre-AuthorizedPayment,CANADATXD/DIM",debit,900.0,167472.06,"June 30, 2026.pdf"
