statement_month,date,description,amount,type
"January 31, 2025","Jan 10, 2025","DirectDeposit,MIRSERVICESPAY/PAY",3842.0,debit
"January 31, 2025","Jan 10, 2025","DirectDeposit,RIPPLINGCANADAPAY/PAY",14038.08,debit
"January 31, 2025","Jan 15, 2025",INTERACe-TransferSent,6000.0,debit
"January 31, 2025","Jan 24, 2025","DirectDeposit,MIRSERVICESPAY/PAY",8452.4,debit
"January 31, 2025","Jan 24, 2025","DirectDeposit,PEOPLECENTERPAY/PAY",10139.58,debit
"January 31, 2025","Jan 30, 2025","DebitCardPurchase,TCX",1884.5,debit
"February 28, 2025","Feb 03, 2025","OnlineTransfer,TF000****5840",959.88,debit
"February 28, 2025","Feb 03, 2025","OnlineBillPayment,WISE",6595.8,debit
"February 28, 2025","Feb 07, 2025","DirectDeposit,MIRSERVICESPAY/PAY",7819.6,debit
"February 28, 2025","Feb 07, 2025","DirectDeposit,PEOPLECENTERPAY/PAY",10752.66,debit
"February 28, 2025","Feb 18, 2025",INTERACe-TransferSent,7000.0,debit
"February 28, 2025","Feb 20, 2025","OnlineBillPayment,WISE",8725.77,debit
"February 28, 2025","Feb 21, 2025","DirectDeposit,PEOPLECENTERPAY/PAY",8822.69,debit
"February 28, 2025","Feb 25, 2025",INTERACe-TransferSent,1073.5,debit
"March 31, 2025","Mar 05, 2025","Pre-AuthorizedPayment,CANADATXD/DIM",16154.35,debit
"March 31, 2025","Mar 07, 2025","DirectDeposit,PEOPLECENTERPAY/PAY",8822.69,debit
"March 31, 2025","Mar 07, 2025","Pre-AuthorizedPayment,CANADATXD/DIM",6000.0,debit
"March 31, 2025","Mar 14, 2025","OnlineTransfer,TF000****5840",87.08,debit
"March 31, 2025","Mar 14, 2025","Pre-AuthorizedPayment,CANADATXD/DIM",4000.0,debit
"March 31, 2025","Mar 17, 2025",INTERACe-TransferSent,7000.0,debit
"March 31, 2025","Mar 17, 2025","Pre-AuthorizedPayment,CANADATXD/DIM",5800.0,debit
"March 31, 2025","Mar 21, 2025","DirectDeposit,MIRSERVICESPAY/PAY",4746.0,debit
"March 31, 2025","Mar 21, 2025","DirectDeposit,PEOPLECENTERPAY/PAY",8822.69,debit
"March 31, 2025","Mar 31, 2025","Pre-AuthorizedPayment,CANADATXD/DIM",1396.0,debit
"April 30, 2025","Apr 01, 2025","OnlineTransfer,TF000****5840",921.37,debit
"April 30, 2025","Apr 02, 2025","ScheduledPayment,WISE",8786.04,debit
"April 30, 2025","Apr 04, 2025","DirectDeposit,MIRSERVICESPAY/PAY",9492.0,debit
"April 30, 2025","Apr 04, 2025","DirectDeposit,PEOPLECENTERPAY/PAY",8822.69,debit
"April 30, 2025","Apr 15, 2025",INTERACe-TransferSent,8000.0,debit
"April 30, 2025","Apr 17, 2025","DirectDeposit,PEOPLECENTERPAY/PAY",8822.69,debit
"April 30, 2025","Apr 21, 2025","DirectDeposit,MIRSERVICESPAY/PAY",9492.0,debit
"April 30, 2025","Apr 21, 2025","DirectDeposit,RIPPLINGCANADAPAY/PAY",0.01,debit
"April 30, 2025","Apr 30, 2025","Pre-AuthorizedPayment,CANADATXD/DIM",1396.0,debit
"May 30, 2025","May 02, 2025","DirectDeposit,PEOPLECENTERPAY/PAY",8822.69,debit
"May 30, 2025","May 02, 2025","DirectDeposit,MIRSERVICESPAY/PAY",8542.8,debit
"May 30, 2025","May 02, 2025","OnlineTransfer,TF000****5840",808.43,debit
"May 30, 2025","May 05, 2025","OnlineBillPayment,WISE",8725.77,debit
"May 30, 2025","May 09, 2025","Pre-AuthorizedPayment,CANADATXD/DIM",5000.0,debit
"May 30, 2025","May 16, 2025","DirectDeposit,MIRSERVICESPAY/PAY",9492.0,debit
"May 30, 2025","May 29, 2025","OnlineTransfer,TF000****5840",659.55,debit
"May 30, 2025","May 30, 2025","DirectDeposit,MIRSERVICESPAY/PAY",8542.8,debit
"May 30, 2025","May 30, 2025","Pre-AuthorizedPayment,CANADATXD/DIM",1396.0,debit
"June 30, 2025","Jun 13, 2025","DirectDeposit,MIRSERVICESPAY/PAY",9492.0,debit
"June 30, 2025","Jun 16, 2025","Pre-AuthorizedPayment,CANADATXD/DIM",5800.0,debit
"June 30, 2025","Jun 16, 2025","OnlineBillPayment,WISE",8816.19,debit
"June 30, 2025","Jun 23, 2025","OnlineTransfer,TF000****5840",9958.58,debit
"June 30, 2025","Jun 27, 2025","DirectDeposit,MIRSERVICESPAY/PAY",9492.0,debit
"June 30, 2025","Jun 27, 2025","OnlineTransfer,TF000****5840",385.22,debit
"June 30, 2025","Jun 30, 2025","Pre-AuthorizedPayment,CANADATXD/DIM",1396.0,debit
"July 31, 2025","Jul 07, 2025","OnlineBillPayment,WISE",8283.69,debit
"July 31, 2025","Jul 11, 2025","DirectDeposit,MIRSERVICESPAY/PAY",8542.8,debit
"July 31, 2025","Jul 25, 2025","DirectDeposit,MIRSERVICESPAY/PAY",9492.0,debit
"July 31, 2025","Jul 30, 2025","Pre-AuthorizedPayment,CANADATXD/DIM",1396.0,debit
"July 31, 2025","Jul 31, 2025","OnlineTransfer,TF000****5840",1987.67,debit
"August 29, 2025","Aug 08, 2025","DirectDeposit,MIRSERVICESPAY/PAY",9492.0,debit
"August 29, 2025","Aug 22, 2025","DirectDeposit,MIRSERVICESPAY/PAY",8542.8,debit
"August 29, 2025","Aug 27, 2025","OnlineBillPayment,WISE",7278.99,debit
"September 29, 2025","Sep 02, 2025","OnlineTransfer,TF000****5840",604.27,debit
"September 29, 2025","Sep 02, 2025","Pre-AuthorizedPayment,CANADATXD/DIM",1396.0,debit
"September 29, 2025","Sep 05, 2025","DirectDeposit,MIRSERVICESPAY/PAY",9492.0,debit
"September 29, 2025","Sep 15, 2025","Pre-AuthorizedPayment,CANADATXD/DIM",5800.0,debit
"September 29, 2025","Sep 19, 2025","DirectDeposit,MIRSERVICESPAY/PAY",8542.8,debit
"October 31, 2025","Oct 01, 2025","OnlineTransfer,TF000****5840",1269.79,debit
"October 31, 2025","Oct 01, 2025","Pre-AuthorizedPayment,CANADATXD/DIM",1396.0,debit
"October 31, 2025","Oct 03, 2025","DirectDeposit,MIRSERVICESPAY/PAY",9492.0,debit
"October 31, 2025","Oct 06, 2025","OnlineTransfer,TF000****5840",6750.01,debit
"October 31, 2025","Oct 06, 2025","OnlineTransfer,TF000****5840",2817.77,debit
"October 31, 2025","Oct 10, 2025","DirectDeposit,CANADAGST/TPS",4960.5,debit
"October 31, 2025","Oct 10, 2025","Pre-AuthorizedPayment,CERTASDIRECTINS/ASS",700.76,debit
"October 31, 2025","Oct 17, 2025","DirectDeposit,MIRSERVICESPAY/PAY",8542.8,debit
"October 31, 2025","Oct 20, 2025","Pre-AuthorizedPayment,CANADATXD/DIM",6500.0,debit
"October 31, 2025","Oct 30, 2025","Pre-AuthorizedPayment,MBFINANCIALCA",1750.01,debit
"October 31, 2025","Oct 30, 2025","Pre-AuthorizedPayment,CANADATXD/DIM",1396.0,debit
"October 31, 2025","Oct 31, 2025","DirectDeposit,MIRSERVICESPAY/PAY",8542.8,debit
"October 31, 2025","Oct 31, 2025","OnlineTransfer,TF000****5840",1874.38,debit
"November 28, 2025","Nov 03, 2025","Pre-AuthorizedPayment,CERTASDIRECTINS/ASS",700.84,debit
"November 28, 2025","Nov 14, 2025","DirectDeposit,MIRSERVICESPAY/PAY",9492.0,debit
"November 28, 2025","Nov 26, 2025","OnlineBillPayment,WISE",7060.0,debit
"November 28, 2025","Nov 28, 2025","DirectDeposit,MIRSERVICESPAY/PAY",9492.0,debit
"December 31, 2025","Dec 01, 2025","Pre-AuthorizedPayment,MBFINANCIALCA",1750.01,debit
"December 31, 2025","Dec 01, 2025","Pre-AuthorizedPayment,CERTASDIRECTINS/ASS",700.84,debit
"December 31, 2025","Dec 01, 2025","Pre-AuthorizedPayment,CANADATXD/DIM",1396.0,debit
"December 31, 2025","Dec 01, 2025","OnlineTransfer,TF000****5840",1055.85,debit
"December 31, 2025","Dec 12, 2025","DirectDeposit,MIRSERVICESPAY/PAY",9492.0,debit
"December 31, 2025","Dec 15, 2025","OnlineTransfer,TF000****5840",2027.18,debit
"December 31, 2025","Dec 18, 2025","OnlineTransfer,TF000****5840",2404.64,debit
"December 31, 2025","Dec 19, 2025",INTERACe-TransferSent,10000.0,debit
"December 31, 2025","Dec 22, 2025",INTERACe-TransferSent,6000.0,debit
"December 31, 2025","Dec 24, 2025","DirectDeposit,MIRSERVICESPAY/PAY",9492.0,debit
"December 31, 2025","Dec 30, 2025","Pre-AuthorizedPayment,MBFINANCIALCA",1750.01,debit
"December 31, 2025","Dec 30, 2025","Pre-AuthorizedPaymentNoFee,CANACTBUS/ENT",1837.5,debit
"December 31, 2025","Dec 30, 2025","Pre-AuthorizedPayment,CANADATXD/DIM",1396.0,debit
